ID,Species,Sex,EWL_Ugcm2s1,WU_Ugcm2s1,perc_hidration_after_EWL,Bodymass_g,CTmin,CTmax,Tbr,WT,Mountain_Range,Altitude_m,Altitude_categorical,Lat,Lon,BIO_1,BIO_2,BIO_5,BIO_6,BIO_7,BIO_12,BIO_13,BIO_14,PET_min_mes_seco,PET_max_mes_umido,OBS
RPB 41,Rhinella icterica,Male,1.9732,93.1448,99.49287281,218.88,3.4,39.5,36.1,14.20000076,Serra do Mar,820,highland SMar 820,-23.3362,-45.145917,17.05833244,10.1833334,25.29999924,7.199999809,18.09999847,1778,278,42,73.366,148.31,NA
RPB 42,Rhinella icterica,Male,2.0827,55.3327,99.54100892,233.12,4.2,39.3,35.1,14.00000076,Serra do Mar,820,highland SMar 820,-23.3362,-45.145917,17.05833244,10.1833334,25.29999924,7.199999809,18.09999847,1778,278,42,73.366,148.31,NA
RPB 69,Rhinella icterica,NA,2.7657,53.9676,99.23523211,63.65,3.2,40.6,37.4,15.30000076,Serra do Mar,820,highland SMar 820,-23.3362,-45.145917,17.05833244,10.1833334,25.29999924,7.199999809,18.09999847,1778,278,42,73.366,148.31,NA
RPB 114,Rhinella icterica,Male,1.517,78.0294,94.28517137,85.05,1.8,39,37.2,13.70000076,Serra do Mar,820,highland SMar 820,-23.3362,-45.145917,17.05833244,10.1833334,25.29999924,7.199999809,18.09999847,1778,278,42,73.366,148.31,NA
RPB 118,Rhinella icterica,Male,1.4494,77.6974,95.9974924,207.24,2,39.6,37.6,14.30000076,Serra do Mar,820,highland SMar 820,-23.3362,-45.145917,17.05833244,10.1833334,25.29999924,7.199999809,18.09999847,1778,278,42,73.366,148.31,NA
RPB 119,Rhinella icterica,Male,1.8177,56.5228,96.55130882,249.7,2.8,38.8,36,13.50000076,Serra do Mar,820,highland SMar 820,-23.3362,-45.145917,17.05833244,10.1833334,25.29999924,7.199999809,18.09999847,1778,278,42,73.366,148.31,NA
RPB 121,Rhinella icterica,Female,1.5141,56.1637,97.24489796,373.23,4,NA,NA,NA,Serra do Mar,820,highland SMar 820,-23.3362,-45.145917,17.05833244,10.1833334,25.29999924,7.199999809,18.09999847,1778,278,42,73.366,148.31,NA
RPB 175,Rhinella icterica,NA,1.2849,120.3085,99.70195856,281.84,2.8,39.1,36.3,14.30000076,Serra do Mar,1022,highland SMar 1022,-23.235556,-45.021944,16.11249924,10.89166641,24.79999924,5.699999809,19.09999847,1661,264,36,74.065,150.305,NA
RPB 193,Rhinella icterica,NA,1.6435,NA,NA,153.6,3.4,39.1,35.7,14.30000076,Serra do Mar,1022,highland SMar 1022,-23.235556,-45.021944,16.11249924,10.89166641,24.79999924,5.699999809,19.09999847,1661,264,36,74.065,150.305,NA
RPB 203,Rhinella icterica,NA,2.0242,31.4158,97.96140282,51.04,1.3,39,37.7,14.20000076,Serra do Mar,1022,highland SMar 1022,-23.235556,-45.021944,16.11249924,10.89166641,24.79999924,5.699999809,19.09999847,1661,264,36,74.065,150.305,NA
RPB 204,Rhinella icterica,Female,1.9064,57.1065,98.58977197,45.17,3.2,38.8,35.6,14.00000076,Serra do Mar,1022,highland SMar 1022,-23.235556,-45.021944,16.11249924,10.89166641,24.79999924,5.699999809,19.09999847,1661,264,36,74.065,150.305,NA
RPB 205,Rhinella icterica,NA,1.536,86.133,99.38206553,208.76,1.8,39.3,37.5,14.50000076,Serra do Mar,1022,highland SMar 1022,-23.235556,-45.021944,16.11249924,10.89166641,24.79999924,5.699999809,19.09999847,1661,264,36,74.065,150.305,NA
RPB 206,Rhinella icterica,NA,1.5558,52.722,NA,240.6,3.2,39,35.8,14.20000076,Serra do Mar,1022,highland SMar 1022,-23.235556,-45.021944,16.11249924,10.89166641,24.79999924,5.699999809,19.09999847,1661,264,36,74.065,150.305,NA
RPB 217,Rhinella icterica,NA,1.5098,71.1422,95.76547231,214.9,1.8,38.7,36.9,13.90000076,Serra do Mar,1022,highland SMar 1022,-23.235556,-45.021944,16.11249924,10.89166641,24.79999924,5.699999809,19.09999847,1661,264,36,74.065,150.305,NA
RPB 218,Rhinella icterica,NA,1.3939,133.7227,99.30058556,368.88,2.7,38.7,36,13.90000076,Serra do Mar,1022,highland SMar 1022,-23.235556,-45.021944,16.11249924,10.89166641,24.79999924,5.699999809,19.09999847,1661,264,36,74.065,150.305,NA
RPB 219,Rhinella icterica,NA,2.1986,48.4129,99.09034095,144.01,1.9,38.3,36.4,13.50000076,Serra do Mar,1022,highland SMar 1022,-23.235556,-45.021944,16.11249924,10.89166641,24.79999924,5.699999809,19.09999847,1661,264,36,74.065,150.305,NA
RPB 220,Rhinella icterica,NA,1.5321,123.9008,99.0926925,203.9,3.3,38.6,35.3,13.80000076,Serra do Mar,1022,highland SMar 1022,-23.235556,-45.021944,16.11249924,10.89166641,24.79999924,5.699999809,19.09999847,1661,264,36,74.065,150.305,NA
RPB 249,Rhinella icterica,Female,1.5608,115.7206,99.50663861,137.83,2.1,37.4,35.3,12.4,Serra da Mantiqueira,1600,highland SMtq 1600,-22.508533,-45.145917,15.375,12.11666679,25,3.599999905,21.39999962,1721,297,30,75.128,154.267,recently revalidated as L. luctator
RPB 250,Rhinella icterica,Male,2.117,96.7547,99.42638623,156.9,1.8,39.3,37.5,14.3,Serra da Mantiqueira,1600,highland SMtq 1600,-22.508533,-45.145917,15.375,12.11666679,25,3.599999905,21.39999962,1721,297,30,75.128,154.267,recently revalidated as L. luctator
RPB 253,Rhinella icterica,Male,1.6437,59.9597,99.59224741,188.84,1.5,38.6,37.1,13.6,Serra da Mantiqueira,1600,highland SMtq 1600,-22.508533,-45.145917,15.375,12.11666679,25,3.599999905,21.39999962,1721,297,30,75.128,154.267,recently revalidated as L. luctator
RPB 263,Rhinella icterica,Male,1.3182,56.1949,99.13649158,209.61,1.9,38.8,36.9,13.8,Serra da Mantiqueira,1600,highland SMtq 1600,-22.508533,-45.145917,15.375,12.11666679,25,3.599999905,21.39999962,1721,297,30,75.128,154.267,recently revalidated as L. luctator
RPB 264,Rhinella icterica,Female,1.0823,48.6815,99.89053093,255.78,4.2,38.3,34.1,13.3,Serra da Mantiqueira,1600,highland SMtq 1600,-22.508533,-45.145917,15.375,12.11666679,25,3.599999905,21.39999962,1721,297,30,75.128,154.267,recently revalidated as L. luctator
RPB 265,Rhinella icterica,Male,1.4908,130.0017,99.53869144,153.91,2.1,38.3,36.2,13.3,Serra da Mantiqueira,1600,highland SMtq 1600,-22.508533,-45.145917,15.375,12.11666679,25,3.599999905,21.39999962,1721,297,30,75.128,154.267,recently revalidated as L. luctator
RPB 266,Rhinella icterica,Female,1.1711,56.8822,99.89576276,191.87,3.5,38.3,34.8,13.3,Serra da Mantiqueira,1600,highland SMtq 1600,-22.508533,-45.145917,15.375,12.11666679,25,3.599999905,21.39999962,1721,297,30,75.128,154.267,recently revalidated as L. luctator
RPB 267,Rhinella icterica,Male,1.2758,95.1879,99.54032595,239.3,3.9,38.6,34.7,13.6,Serra da Mantiqueira,1600,highland SMtq 1600,-22.508533,-45.145917,15.375,12.11666679,25,3.599999905,21.39999962,1721,297,30,75.128,154.267,recently revalidated as L. luctator
RPB 268,Rhinella icterica,Male,1.49,70.6549,99.7829938,225.8,2.6,37.9,35.3,12.9,Serra da Mantiqueira,1600,highland SMtq 1600,-22.508533,-45.145917,15.375,12.11666679,25,3.599999905,21.39999962,1721,297,30,75.128,154.267,recently revalidated as L. luctator
RPB 269,Rhinella icterica,NA,1.2487,NA,NA,243.9,2.3,38.9,36.6,13.9,Serra da Mantiqueira,1600,highland SMtq 1600,-22.508533,-45.145917,15.375,12.11666679,25,3.599999905,21.39999962,1721,297,30,75.128,154.267,recently revalidated as L. luctator
RPB 270,Rhinella icterica,Female,0.9787,163.3762,99.65190943,295.9,3.2,39.2,36,14.2,Serra da Mantiqueira,1600,highland SMtq 1600,-22.508533,-45.145917,15.375,12.11666679,25,3.599999905,21.39999962,1721,297,30,75.128,154.267,recently revalidated as L. luctator
RPB 277,Rhinella icterica,Male,1.4099,38.8433,99.38424389,165.65,2.8,NA,NA,NA,Serra do Mar,1500,highland SMar 1500,-22.720017,-44.627133,14.4333334,11.96666622,23.79999924,3.200000048,20.59999847,1786,301,30,75.428,155.607,NA
RPB 279,Rhinella icterica,Male,1.6916,38.5305,99.46882217,216.5,1.2,NA,NA,NA,Serra do Mar,1500,highland SMar 1500,-22.720017,-44.627133,14.4333334,11.96666622,23.79999924,3.200000048,20.59999847,1786,301,30,75.428,155.607,NA
RPB 293,Rhinella icterica,Male,1.5901,26.1776,NA,219.66,0.8,38.7,37.9,14.90000076,Serra do Mar,1500,highland SMar 1500,-22.720017,-44.627133,14.4333334,11.96666622,23.79999924,3.200000048,20.59999847,1786,301,30,75.428,155.607,NA
RPB 294,Rhinella icterica,Male,1.2649,71.8924,99.53555356,277.75,2.1,36.7,34.6,12.90000076,Serra do Mar,1500,highland SMar 1500,-22.720017,-44.627133,14.4333334,11.96666622,23.79999924,3.200000048,20.59999847,1786,301,30,75.428,155.607,NA
RPB 295,Rhinella icterica,Male,1.4369,42.0806,NA,253.7,2.8,38.2,35.4,14.40000076,Serra do Mar,1500,highland SMar 1500,-22.720017,-44.627133,14.4333334,11.96666622,23.79999924,3.200000048,20.59999847,1786,301,30,75.428,155.607,NA
RPB 296,Rhinella icterica,Male,1.7233,99.1819,NA,203.14,0.2,38.6,38.4,14.80000076,Serra do Mar,1500,highland SMar 1500,-22.720017,-44.627133,14.4333334,11.96666622,23.79999924,3.200000048,20.59999847,1786,301,30,75.428,155.607,NA
RPB 297,Rhinella icterica,Male,1.4345,75.5631,97.72229523,228.3,2.4,38.5,36.1,14.70000076,Serra do Mar,1500,highland SMar 1500,-22.720017,-44.627133,14.4333334,11.96666622,23.79999924,3.200000048,20.59999847,1786,301,30,75.428,155.607,NA
RPB 298,Rhinella icterica,Male,1.381,105.0901,99.71469956,227.83,2.6,38.7,36.1,14.90000076,Serra do Mar,1500,highland SMar 1500,-22.720017,-44.627133,14.4333334,11.96666622,23.79999924,3.200000048,20.59999847,1786,301,30,75.428,155.607,NA
RPB 299,Rhinella icterica,Male,1.3556,80.9771,99.50762497,292.46,1.6,38.6,37,14.80000076,Serra do Mar,1500,highland SMar 1500,-22.720017,-44.627133,14.4333334,11.96666622,23.79999924,3.200000048,20.59999847,1786,301,30,75.428,155.607,NA
RPB 300,Rhinella icterica,Male,1.6182,96.4306,NA,249.51,1.2,38.1,36.9,14.30000076,Serra do Mar,1500,highland SMar 1500,-22.720017,-44.627133,14.4333334,11.96666622,23.79999924,3.200000048,20.59999847,1786,301,30,75.428,155.607,NA
RPB 301,Rhinella icterica,Male,1.613,58.766,NA,236.81,2.8,38.9,36.1,15.10000076,Serra do Mar,1500,highland SMar 1500,-22.720017,-44.627133,14.4333334,11.96666622,23.79999924,3.200000048,20.59999847,1786,301,30,75.428,155.607,NA
RPB 326,Rhinella icterica,NA,1.6036,68.5501,85.8556217,238.54,4,39.1,35.1,10.6,Serra da Mantiqueira,550,lowland SMtq 550,-23.0264167,-45.50866667,20.47916603,10.82499981,28.5,10.39999962,18.10000038,1299,212,21,73.29,146.485,NA
RPB 329,Rhinella icterica,NA,1.9516,69.594,98.74081847,162.01,3.3,38.4,35.1,9.9,Serra da Mantiqueira,550,lowland SMtq 550,-23.0264167,-45.50866667,20.47916603,10.82499981,28.5,10.39999962,18.10000038,1299,212,21,73.29,146.485,NA
RPB 331,Rhinella icterica,NA,1.4189,68.3994,99.68253968,283.5,3,38.5,35.5,10,Serra da Mantiqueira,550,lowland SMtq 550,-23.0264167,-45.50866667,20.47916603,10.82499981,28.5,10.39999962,18.10000038,1299,212,21,73.29,146.485,NA
RPB 334,Rhinella icterica,NA,1.5801,101.3309,99.36738619,233.95,4.5,37.4,32.9,8.9,Serra da Mantiqueira,550,lowland SMtq 550,-23.0264167,-45.50866667,20.47916603,10.82499981,28.5,10.39999962,18.10000038,1299,212,21,73.29,146.485,NA
RPB 335,Rhinella icterica,NA,1.734,69.9614,99.04495788,239.78,5.5,39.5,34,11,Serra da Mantiqueira,550,lowland SMtq 550,-23.0264167,-45.50866667,20.47916603,10.82499981,28.5,10.39999962,18.10000038,1299,212,21,73.29,146.485,NA
RPB 336,Rhinella icterica,NA,1.9862,54.6372,98.80182123,166.92,2.5,39.1,36.6,10.6,Serra da Mantiqueira,550,lowland SMtq 550,-23.0264167,-45.50866667,20.47916603,10.82499981,28.5,10.39999962,18.10000038,1299,212,21,73.29,146.485,NA
RPB 337,Rhinella icterica,NA,2.4427,46.0295,99.01277584,51.66,3.9,39.8,35.9,11.3,Serra da Mantiqueira,550,lowland SMtq 550,-23.0264167,-45.50866667,20.47916603,10.82499981,28.5,10.39999962,18.10000038,1299,212,21,73.29,146.485,NA
RPB 338,Rhinella icterica,NA,2.3159,40.7638,98.873022,129.55,3.8,38.8,35,10.3,Serra da Mantiqueira,550,lowland SMtq 550,-23.0264167,-45.50866667,20.47916603,10.82499981,28.5,10.39999962,18.10000038,1299,212,21,73.29,146.485,NA
RPB 339,Rhinella icterica,NA,1.895,40.1979,98.8835205,150.09,2.7,38.3,35.6,9.8,Serra da Mantiqueira,550,lowland SMtq 550,-23.0264167,-45.50866667,20.47916603,10.82499981,28.5,10.39999962,18.10000038,1299,212,21,73.29,146.485,NA
RPB 340,Rhinella icterica,NA,2.7042,55.5076,96.69624316,52.97,3.4,39.5,36.1,11,Serra da Mantiqueira,550,lowland SMtq 550,-23.0264167,-45.50866667,20.47916603,10.82499981,28.5,10.39999962,18.10000038,1299,212,21,73.29,146.485,NA
RPB 341,Rhinella icterica,NA,2.0598,49.3976,98.12145749,61.75,2.6,40.1,37.5,11.6,Serra da Mantiqueira,550,lowland SMtq 550,-23.0264167,-45.50866667,20.47916603,10.82499981,28.5,10.39999962,18.10000038,1299,212,21,73.29,146.485,NA
RPB 15,Dendropsophus minutus,Male,NA,36.9711,NA,0.5135,4.9,NA,NA,NA,Serra do Mar,820,highland SMar 820,-23.3362,-45.145917,17.05833244,10.1833334,25.29999924,7.199999809,18.09999847,1778,278,42,73.366,148.31,NA
RPB 17,Dendropsophus minutus,Male,2.8253,32.1826,93.72506347,0.5514,4.9,NA,NA,NA,Serra do Mar,820,highland SMar 820,-23.3362,-45.145917,17.05833244,10.1833334,25.29999924,7.199999809,18.09999847,1778,278,42,73.366,148.31,NA
RPB 74,Dendropsophus minutus,NA,2.9971,69.403,94.5545507,0.5197,11.7,34.5,22.8,4.100000381,Serra do Mar,35,lowland SMar 35,-23.36452562,-44.826944,22.45833397,9.300000191,30.39999962,13.80000019,16.59999847,2537,313,108,74.187,151.881,NA
RPB 75,Dendropsophus minutus,NA,2.8878,58.196,95.38180797,0.7124,6.2,35.5,29.3,5.100000381,Serra do Mar,35,lowland SMar 35,-23.36452562,-44.826944,22.45833397,9.300000191,30.39999962,13.80000019,16.59999847,2537,313,108,74.187,151.881,NA
RPB 76,Dendropsophus minutus,NA,1.4509,59.734,96.26121635,0.6018,8.5,35.1,26.6,4.700000381,Serra do Mar,35,lowland SMar 35,-23.36452562,-44.826944,22.45833397,9.300000191,30.39999962,13.80000019,16.59999847,2537,313,108,74.187,151.881,NA
RPB 77,Dendropsophus minutus,Male,2.4807,103.5554,94.69164715,0.5124,7,34.2,27.2,8.900000763,Serra do Mar,820,highland SMar 820,-23.3362,-45.145917,17.05833244,10.1833334,25.29999924,7.199999809,18.09999847,1778,278,42,73.366,148.31,NA
RPB 78,Dendropsophus minutus,NA,NA,28.8927,90.21764568,0.4273,6.3,32.3,26,7.000000763,Serra do Mar,820,highland SMar 820,-23.3362,-45.145917,17.05833244,10.1833334,25.29999924,7.199999809,18.09999847,1778,278,42,73.366,148.31,NA
RPB 79,Dendropsophus minutus,Male,1.7279,32.9123,92.68690161,0.4909,10.3,32.2,21.9,6.900000763,Serra do Mar,820,highland SMar 820,-23.3362,-45.145917,17.05833244,10.1833334,25.29999924,7.199999809,18.09999847,1778,278,42,73.366,148.31,NA
RPB 80,Dendropsophus minutus,NA,1.7563,70.4435,93.4967241,0.4121,9.2,35,25.8195,9.700000763,Serra do Mar,820,highland SMar 820,-23.3362,-45.145917,17.05833244,10.1833334,25.29999924,7.199999809,18.09999847,1778,278,42,73.366,148.31,NA
RPB 81,Dendropsophus minutus,NA,1.8102,40.715,91.64501299,0.5003,8.6,34.4,25.8,9.100000763,Serra do Mar,820,highland SMar 820,-23.3362,-45.145917,17.05833244,10.1833334,25.29999924,7.199999809,18.09999847,1778,278,42,73.366,148.31,NA
RPB 82,Dendropsophus minutus,Male,1.8096,31.8527,97.23669309,0.4415,10.7,36.3,25.6,11.00000076,Serra do Mar,820,highland SMar 820,-23.3362,-45.145917,17.05833244,10.1833334,25.29999924,7.199999809,18.09999847,1778,278,42,73.366,148.31,NA
RPB 83,Dendropsophus minutus,NA,2.135,42.4556,95.96158582,0.4061,5.4,35,29.6,9.700000763,Serra do Mar,820,highland SMar 820,-23.3362,-45.145917,17.05833244,10.1833334,25.29999924,7.199999809,18.09999847,1778,278,42,73.366,148.31,NA
RPB 91,Dendropsophus minutus,Male,1.5649,19.3589,92.9,0.5,11.3,34.8,23.4845,4.400000381,Serra do Mar,35,lowland SMar 35,-23.36452562,-44.826944,22.45833397,9.300000191,30.39999962,13.80000019,16.59999847,2537,313,108,74.187,151.881,NA
RPB 92,Dendropsophus minutus,NA,NA,81.7217,92.74281956,0.4561,7.4,33,25.6,2.600000381,Serra do Mar,35,lowland SMar 35,-23.36452562,-44.826944,22.45833397,9.300000191,30.39999962,13.80000019,16.59999847,2537,313,108,74.187,151.881,NA
RPB 122,Dendropsophus minutus,Male,2.0964,46.0483,96.50053022,0.4879,5.7,31.3,25.6,6.000000763,Serra do Mar,820,highland SMar 820,-23.3362,-45.145917,17.05833244,10.1833334,25.29999924,7.199999809,18.09999847,1778,278,42,73.366,148.31,NA
RPB 146,Dendropsophus minutus,NA,1.4544,119.5474,84.73614776,0.7891,7.2,NA,NA,NA,Serra do Mar,35,lowland SMar 35,-23.36452562,-44.826944,22.45833397,9.300000191,30.39999962,13.80000019,16.59999847,2537,313,108,74.187,151.881,NA
RPB 147,Dendropsophus minutus,NA,NA,53.4532,72.84217529,0.6451,6.3,33.9,27.6,3.500000381,Serra do Mar,35,lowland SMar 35,-23.36452562,-44.826944,22.45833397,9.300000191,30.39999962,13.80000019,16.59999847,2537,313,108,74.187,151.881,NA
RPB 149,Dendropsophus minutus,NA,1.8762,53.2812,86.24932396,0.7396,7.1,33.6,26.5,3.200000381,Serra do Mar,35,lowland SMar 35,-23.36452562,-44.826944,22.45833397,9.300000191,30.39999962,13.80000019,16.59999847,2537,313,108,74.187,151.881,NA
RPB 150,Dendropsophus minutus,NA,1.403,60.0574,91.86868687,0.6232,6.9,33,26.1,2.600000381,Serra do Mar,35,lowland SMar 35,-23.36452562,-44.826944,22.45833397,9.300000191,30.39999962,13.80000019,16.59999847,2537,313,108,74.187,151.881,NA
RPB 159,Dendropsophus minutus,NA,1.0675,73.3878,92.83858998,0.8085,10.2,NA,NA,NA,Serra do Mar,35,lowland SMar 35,-23.36452562,-44.826944,22.45833397,9.300000191,30.39999962,13.80000019,16.59999847,2537,313,108,74.187,151.881,NA
RPB 160,Dendropsophus minutus,NA,0.9585,83.0707,87.30103806,0.578,4.2,31,26.8,0.600000381,Serra do Mar,35,lowland SMar 35,-23.36452562,-44.826944,22.45833397,9.300000191,30.39999962,13.80000019,16.59999847,2537,313,108,74.187,151.881,NA
RPB 161,Dendropsophus minutus,NA,1.8101,177.5769,91.74081238,0.517,6.1,31,24.9,0.600000381,Serra do Mar,35,lowland SMar 35,-23.36452562,-44.826944,22.45833397,9.300000191,30.39999962,13.80000019,16.59999847,2537,313,108,74.187,151.881,NA
RPB 162,Dendropsophus minutus,NA,1.4875,63.5174,87.11037494,0.6641,10,32.9,22.9,2.500000381,Serra do Mar,35,lowland SMar 35,-23.36452562,-44.826944,22.45833397,9.300000191,30.39999962,13.80000019,16.59999847,2537,313,108,74.187,151.881,NA
RPB 163,Dendropsophus minutus,NA,1.2334,185.8873,94.4214876,0.5808,8.7,34.6,25.9065,4.200000381,Serra do Mar,35,lowland SMar 35,-23.36452562,-44.826944,22.45833397,9.300000191,30.39999962,13.80000019,16.59999847,2537,313,108,74.187,151.881,NA
RPB 164,Dendropsophus minutus,NA,1.5763,98.2803,94.92318947,0.6835,6.7,31.7,25,1.300000381,Serra do Mar,35,lowland SMar 35,-23.36452562,-44.826944,22.45833397,9.300000191,30.39999962,13.80000019,16.59999847,2537,313,108,74.187,151.881,NA
RPB 169,Dendropsophus minutus,NA,2.0525,NA,NA,0.5314,4.2,NA,NA,NA,Serra do Mar,1022,highland SMar 1022,-23.235556,-45.021944,16.11249924,10.89166641,24.79999924,5.699999809,19.09999847,1661,264,36,74.065,150.305,NA
RPB 171,Dendropsophus minutus,NA,2.435,38.3934,89.06779661,0.59,3,NA,NA,NA,Serra do Mar,1022,highland SMar 1022,-23.235556,-45.021944,16.11249924,10.89166641,24.79999924,5.699999809,19.09999847,1661,264,36,74.065,150.305,NA
RPB 177,Dendropsophus minutus,NA,1.7585,55.4084,97.05352758,0.6109,7.3,34.1,26.8,9.300000763,Serra do Mar,1022,highland SMar 1022,-23.235556,-45.021944,16.11249924,10.89166641,24.79999924,5.699999809,19.09999847,1661,264,36,74.065,150.305,NA
RPB 198,Dendropsophus minutus,NA,1.5588,53.8542,92.55880941,0.6249,8.8,33,24.2,8.200000763,Serra do Mar,1022,highland SMar 1022,-23.235556,-45.021944,16.11249924,10.89166641,24.79999924,5.699999809,19.09999847,1661,264,36,74.065,150.305,NA
RPB 200,Dendropsophus minutus,NA,1.8369,86.6715,91.0604295,0.6007,7,33.9,26.9,9.100000763,Serra do Mar,1022,highland SMar 1022,-23.235556,-45.021944,16.11249924,10.89166641,24.79999924,5.699999809,19.09999847,1661,264,36,74.065,150.305,NA
RPB 207,Dendropsophus minutus,NA,2.1381,55.1007,95.28666358,0.6471,7,32.2,25.2,7.400000763,Serra do Mar,1022,highland SMar 1022,-23.235556,-45.021944,16.11249924,10.89166641,24.79999924,5.699999809,19.09999847,1661,264,36,74.065,150.305,NA
RPB 208,Dendropsophus minutus,NA,2.1445,86.5399,NA,0.4868,2.3,35,32.7,10.20000076,Serra do Mar,1022,highland SMar 1022,-23.235556,-45.021944,16.11249924,10.89166641,24.79999924,5.699999809,19.09999847,1661,264,36,74.065,150.305,NA
RPB 209,Dendropsophus minutus,NA,1.0139,46.0743,93.88501742,0.574,5.5,34.3,28.8,9.500000763,Serra do Mar,1022,highland SMar 1022,-23.235556,-45.021944,16.11249924,10.89166641,24.79999924,5.699999809,19.09999847,1661,264,36,74.065,150.305,NA
RPB 212,Dendropsophus minutus,NA,2.0343,60.5446,94.95812395,0.597,2.3,34.3,32,9.500000763,Serra do Mar,1022,highland SMar 1022,-23.235556,-45.021944,16.11249924,10.89166641,24.79999924,5.699999809,19.09999847,1661,264,36,74.065,150.305,NA
RPB 213,Dendropsophus minutus,NA,1.3535,60.79953414,87.95032751,0.7328,8.7,34,25.3,9.200000763,Serra do Mar,1022,highland SMar 1022,-23.235556,-45.021944,16.11249924,10.89166641,24.79999924,5.699999809,19.09999847,1661,264,36,74.065,150.305,NA
RPB 214,Dendropsophus minutus,NA,1.2607,NA,NA,0.6984,3.5,34.7,31.2,9.900000763,Serra do Mar,1022,highland SMar 1022,-23.235556,-45.021944,16.11249924,10.89166641,24.79999924,5.699999809,19.09999847,1661,264,36,74.065,150.305,NA
RPB 215,Dendropsophus minutus,Male,2.2112,66.0561,90.57533376,0.6292,7,33.7,26.7,8.900000763,Serra do Mar,1022,highland SMar 1022,-23.235556,-45.021944,16.11249924,10.89166641,24.79999924,5.699999809,19.09999847,1661,264,36,74.065,150.305,NA
RPB 222,Dendropsophus minutus,Male,NA,39.0329,92.97639609,0.5211,5.4,NA,NA,NA,Serra da Mantiqueira,1600,highland SMtq 1600,-22.508533,-45.145917,15.375,12.11666679,25,3.599999905,21.39999962,1721,297,30,75.128,154.267,NA
RPB 223,Dendropsophus minutus,Male,2.4929,49.3906,96.48333333,0.6,3.4,NA,NA,NA,Serra da Mantiqueira,1600,highland SMtq 1600,-22.508533,-45.145917,15.375,12.11666679,25,3.599999905,21.39999962,1721,297,30,75.128,154.267,NA
RPB 224,Dendropsophus minutus,Male,2.4925,NA,NA,0.5744,6.4,NA,NA,NA,Serra da Mantiqueira,1600,highland SMtq 1600,-22.508533,-45.145917,15.375,12.11666679,25,3.599999905,21.39999962,1721,297,30,75.128,154.267,NA
RPB 229,Dendropsophus minutus,Male,1.5767,72.9162,91.09765051,0.5448,6.5,34.4,27.9,9.4,Serra da Mantiqueira,1600,highland SMtq 1600,-22.508533,-45.145917,15.375,12.11666679,25,3.599999905,21.39999962,1721,297,30,75.128,154.267,NA
RPB 230,Dendropsophus minutus,Male,1.8696,41.183,92.54930606,0.5476,5,31.2,26.2,6.2,Serra da Mantiqueira,1600,highland SMtq 1600,-22.508533,-45.145917,15.375,12.11666679,25,3.599999905,21.39999962,1721,297,30,75.128,154.267,NA
RPB 231,Dendropsophus minutus,Male,1.7473,77.7123,95.87628866,0.5626,4.5,31.2,26.74001,6.2,Serra da Mantiqueira,1600,highland SMtq 1600,-22.508533,-45.145917,15.375,12.11666679,25,3.599999905,21.39999962,1721,297,30,75.128,154.267,NA
RPB 233,Dendropsophus minutus,Male,2.8488,23.4014,92.54135338,0.665,3.7,34.7,31,9.7,Serra da Mantiqueira,1600,highland SMtq 1600,-22.508533,-45.145917,15.375,12.11666679,25,3.599999905,21.39999962,1721,297,30,75.128,154.267,NA
RPB 237,Dendropsophus minutus,Male,1.3071,83.6997,94.81052036,0.7072,9.3,32.9,23.56066,7.9,Serra da Mantiqueira,1600,highland SMtq 1600,-22.508533,-45.145917,15.375,12.11666679,25,3.599999905,21.39999962,1721,297,30,75.128,154.267,NA
RPB 240,Dendropsophus minutus,NA,1.9133,79.2452,86.65052462,0.6195,10.6,32.6,22.00597,7.6,Serra da Mantiqueira,1600,highland SMtq 1600,-22.508533,-45.145917,15.375,12.11666679,25,3.599999905,21.39999962,1721,297,30,75.128,154.267,NA
RPB 242,Dendropsophus minutus,Male,1.8439,NA,NA,0.6375,6.5,32.6,26.1,7.6,Serra da Mantiqueira,1600,highland SMtq 1600,-22.508533,-45.145917,15.375,12.11666679,25,3.599999905,21.39999962,1721,297,30,75.128,154.267,NA
RPB 275,Dendropsophus minutus,Male,2.4982,85.7845,89.32598346,0.3991,3.8,NA,NA,NA,Serra do Mar,1500,highland SMar 1500,-22.720017,-44.627133,14.4333334,11.96666622,23.79999924,3.200000048,20.59999847,1786,301,30,75.428,155.607,NA
RPB 276,Dendropsophus minutus,Male,1.5005,83.232,86.36034732,0.5528,3.7,NA,NA,NA,Serra do Mar,1500,highland SMar 1500,-22.720017,-44.627133,14.4333334,11.96666622,23.79999924,3.200000048,20.59999847,1786,301,30,75.428,155.607,NA
RPB 278,Dendropsophus minutus,Male,1.3868,52.7003,93.6544563,0.6934,3.2,NA,NA,NA,Serra do Mar,1500,highland SMar 1500,-22.720017,-44.627133,14.4333334,11.96666622,23.79999924,3.200000048,20.59999847,1786,301,30,75.428,155.607,NA
RPB 280,Dendropsophus minutus,Male,2.3352,31.6476,93.86299552,0.6029,2.5,NA,NA,NA,Serra do Mar,1500,highland SMar 1500,-22.720017,-44.627133,14.4333334,11.96666622,23.79999924,3.200000048,20.59999847,1786,301,30,75.428,155.607,NA
RPB 281,Dendropsophus minutus,Male,1.5125,59.19,99.0335707,0.6154,2.8,NA,NA,NA,Serra do Mar,1500,highland SMar 1500,-22.720017,-44.627133,14.4333334,11.96666622,23.79999924,3.200000048,20.59999847,1786,301,30,75.428,155.607,NA
RPB 282,Dendropsophus minutus,Male,NA,107.402,92.90298226,0.5298,3,NA,NA,NA,Serra do Mar,1500,highland SMar 1500,-22.720017,-44.627133,14.4333334,11.96666622,23.79999924,3.200000048,20.59999847,1786,301,30,75.428,155.607,NA
RPB 283,Dendropsophus minutus,Male,1.4925,51.7669,94.32024169,0.4965,3.2,NA,NA,NA,Serra do Mar,1500,highland SMar 1500,-22.720017,-44.627133,14.4333334,11.96666622,23.79999924,3.200000048,20.59999847,1786,301,30,75.428,155.607,NA
RPB 284,Dendropsophus minutus,Male,1.4966,56.2377,93.46932562,0.6569,2.3,33.9,31.6,10.10000076,Serra do Mar,1500,highland SMar 1500,-22.720017,-44.627133,14.4333334,11.96666622,23.79999924,3.200000048,20.59999847,1786,301,30,75.428,155.607,NA
RPB 285,Dendropsophus minutus,NA,1.649,41.798,86.00572656,0.5588,6.4,28.7,22.3,4.900000763,Serra do Mar,1500,highland SMar 1500,-22.720017,-44.627133,14.4333334,11.96666622,23.79999924,3.200000048,20.59999847,1786,301,30,75.428,155.607,NA
RPB 286,Dendropsophus minutus,Male,1.7245,81.033,95.97975416,0.6915,5.1,29.7,24.6,5.900000763,Serra do Mar,1500,highland SMar 1500,-22.720017,-44.627133,14.4333334,11.96666622,23.79999924,3.200000048,20.59999847,1786,301,30,75.428,155.607,NA
RPB 287,Dendropsophus minutus,Male,1.7974,13.8846,92.02569917,0.5292,3.3,29.7,26.4271,5.900000763,Serra do Mar,1500,highland SMar 1500,-22.720017,-44.627133,14.4333334,11.96666622,23.79999924,3.200000048,20.59999847,1786,301,30,75.428,155.607,NA
RPB 288,Dendropsophus minutus,Male,2.1751,48.4963,93.22493225,0.738,3.9,33.8,29.9,10.00000076,Serra do Mar,1500,highland SMar 1500,-22.720017,-44.627133,14.4333334,11.96666622,23.79999924,3.200000048,20.59999847,1786,301,30,75.428,155.607,NA
RPB 25,Boana faber,NA,1.7782,69.1814,99.51486592,56.1082,3.2,39.3,36.1,14.00000076,Serra do Mar,820,highland SMar 820,-23.3362,-45.145917,17.05833244,10.1833334,25.29999924,7.199999809,18.09999847,1778,278,42,73.366,148.31,NA
RPB 26,Boana faber,NA,1.7782,66.3478,98.76273762,60.6177,3.3,39.8,36.5,14.50000076,Serra do Mar,820,highland SMar 820,-23.3362,-45.145917,17.05833244,10.1833334,25.29999924,7.199999809,18.09999847,1778,278,42,73.366,148.31,NA
RPB 27,Boana faber,NA,1.6132,34.6731,99.27097435,54.662,3.4,39.2,35.8,13.90000076,Serra do Mar,820,highland SMar 820,-23.3362,-45.145917,17.05833244,10.1833334,25.29999924,7.199999809,18.09999847,1778,278,42,73.366,148.31,NA
RPB 28,Boana faber,NA,1.0944,68.1578,99.21840926,71.9942,3.5,39.3,35.8,14.00000076,Serra do Mar,820,highland SMar 820,-23.3362,-45.145917,17.05833244,10.1833334,25.29999924,7.199999809,18.09999847,1778,278,42,73.366,148.31,NA
RPB 84,Boana faber,NA,1.6313,41.5311,99.24408649,46.4868,3.7,39.9,36.2,14.60000076,Serra do Mar,820,highland SMar 820,-23.3362,-45.145917,17.05833244,10.1833334,25.29999924,7.199999809,18.09999847,1778,278,42,73.366,148.31,NA
RPB 85,Boana faber,NA,1.5572,32.182,NA,58.6417,3.6,39.8,36.2,14.50000076,Serra do Mar,820,highland SMar 820,-23.3362,-45.145917,17.05833244,10.1833334,25.29999924,7.199999809,18.09999847,1778,278,42,73.366,148.31,NA
RPB 86,Boana faber,NA,1.5936,120.1293,98.61479327,62.0485,3.9,39.4,35.5,14.10000076,Serra do Mar,820,highland SMar 820,-23.3362,-45.145917,17.05833244,10.1833334,25.29999924,7.199999809,18.09999847,1778,278,42,73.366,148.31,NA
RPB 87,Boana faber,NA,1.6428,91.9929,98.79939612,58.6205,2.7,38.9,36.2,13.60000076,Serra do Mar,820,highland SMar 820,-23.3362,-45.145917,17.05833244,10.1833334,25.29999924,7.199999809,18.09999847,1778,278,42,73.366,148.31,NA
RPB 88,Boana faber,NA,1.3928,56.3801,96.23463854,56.0982,4.8,NA,NA,NA,Serra do Mar,35,lowland SMar 35,-23.36452562,-44.826944,22.45833397,9.300000191,30.39999962,13.80000019,16.59999847,2537,313,108,74.187,151.881,NA
RPB 129,Boana faber,NA,1.386,43.5964,80.51217485,57.2887,2,37.7,35.7,12.40000076,Serra do Mar,820,highland SMar 820,-23.3362,-45.145917,17.05833244,10.1833334,25.29999924,7.199999809,18.09999847,1778,278,42,73.366,148.31,NA
RPB 130,Boana faber,NA,1.1673,128.9748,84.08235294,89.9679,3,37.7,34.7,12.40000076,Serra do Mar,820,highland SMar 820,-23.3362,-45.145917,17.05833244,10.1833334,25.29999924,7.199999809,18.09999847,1778,278,42,73.366,148.31,NA
RPB 133,Boana faber,NA,1.333,85.1478,95.33569439,51.9414,3.2,38.9,35.7,8.500000381,Serra do Mar,35,lowland SMar 35,-23.36452562,-44.826944,22.45833397,9.300000191,30.39999962,13.80000019,16.59999847,2537,313,108,74.187,151.881,NA
RPB 134,Boana faber,NA,1.1742,151.1544,69.54240631,51.047,5.2,38.7,33.5,8.300000381,Serra do Mar,35,lowland SMar 35,-23.36452562,-44.826944,22.45833397,9.300000191,30.39999962,13.80000019,16.59999847,2537,313,108,74.187,151.881,NA
RPB 135,Boana faber,NA,1.9551,169.2143,92.19846057,49.0838,4.7,39.3,34.6,8.900000381,Serra do Mar,35,lowland SMar 35,-23.36452562,-44.826944,22.45833397,9.300000191,30.39999962,13.80000019,16.59999847,2537,313,108,74.187,151.881,NA
RPB 136,Boana faber,NA,1.4416,81.1547,89.93934409,48.635,4.7,38.2,33.5,7.800000381,Serra do Mar,35,lowland SMar 35,-23.36452562,-44.826944,22.45833397,9.300000191,30.39999962,13.80000019,16.59999847,2537,313,108,74.187,151.881,NA
RPB 137,Boana faber,Male,1.3992,23.9665,85.42015857,46.8423,3.5,38.6,35.1,8.200000381,Serra do Mar,35,lowland SMar 35,-23.36452562,-44.826944,22.45833397,9.300000191,30.39999962,13.80000019,16.59999847,2537,313,108,74.187,151.881,NA
RPB 138,Boana faber,NA,1.2937,110.0476,89.90750634,44.9813,3.9,38.7,34.8,8.300000381,Serra do Mar,35,lowland SMar 35,-23.36452562,-44.826944,22.45833397,9.300000191,30.39999962,13.80000019,16.59999847,2537,313,108,74.187,151.881,NA
RPB 139,Boana faber,Female,1.3676,179.8716,71.44836323,42.5721,3,38.6,35.6,8.200000381,Serra do Mar,35,lowland SMar 35,-23.36452562,-44.826944,22.45833397,9.300000191,30.39999962,13.80000019,16.59999847,2537,313,108,74.187,151.881,NA
RPB 140,Boana faber,NA,1.3576,196.5972,75.42584994,52.931,4.6,38.1,33.5,7.700000381,Serra do Mar,35,lowland SMar 35,-23.36452562,-44.826944,22.45833397,9.300000191,30.39999962,13.80000019,16.59999847,2537,313,108,74.187,151.881,NA
RPB 174,Boana faber,NA,1.419,91.1527,99.87728388,73.34,3.4,38.7,35.3,13.90000076,Serra do Mar,1022,highland SMar 1022,-23.235556,-45.021944,16.11249924,10.89166641,24.79999924,5.699999809,19.09999847,1661,264,36,74.065,150.305,NA
RPB 184,Boana faber,NA,1.0369,90.6174,98.84615385,52,1.8,38.2,36.4,13.40000076,Serra do Mar,1022,highland SMar 1022,-23.235556,-45.021944,16.11249924,10.89166641,24.79999924,5.699999809,19.09999847,1661,264,36,74.065,150.305,NA
RPB 185,Boana faber,NA,1.3658,57.58559532,98.5915493,56.8,2,38.1,36.1,13.30000076,Serra do Mar,1022,highland SMar 1022,-23.235556,-45.021944,16.11249924,10.89166641,24.79999924,5.699999809,19.09999847,1661,264,36,74.065,150.305,NA
RPB 186,Boana faber,NA,1.0288,143.7729,98.96907216,58.2,2.3,38.2,35.9,13.40000076,Serra do Mar,1022,highland SMar 1022,-23.235556,-45.021944,16.11249924,10.89166641,24.79999924,5.699999809,19.09999847,1661,264,36,74.065,150.305,NA
RPB 187,Boana faber,NA,1.1769,84.0174,99.68152866,62.8,1.4,37.9,36.5,13.10000076,Serra do Mar,1022,highland SMar 1022,-23.235556,-45.021944,16.11249924,10.89166641,24.79999924,5.699999809,19.09999847,1661,264,36,74.065,150.305,NA
RPB 188,Boana faber,NA,0.8183,68.0898,95.1744186,68.8,1.7,39,37.3,14.20000076,Serra do Mar,1022,highland SMar 1022,-23.235556,-45.021944,16.11249924,10.89166641,24.79999924,5.699999809,19.09999847,1661,264,36,74.065,150.305,NA
RPB 189,Boana faber,NA,1.0597,85.7451,99.06034356,68.11,1.5,38.1,36.6,13.30000076,Serra do Mar,1022,highland SMar 1022,-23.235556,-45.021944,16.11249924,10.89166641,24.79999924,5.699999809,19.09999847,1661,264,36,74.065,150.305,NA
RPB 190,Boana faber,NA,1.1746,72.5041,99.28327089,61.39,2.6,38.6,36,13.80000076,Serra do Mar,1022,highland SMar 1022,-23.235556,-45.021944,16.11249924,10.89166641,24.79999924,5.699999809,19.09999847,1661,264,36,74.065,150.305,NA
RPB 191,Boana faber,NA,1.1116,104.9605,99.90245262,71.76,2.1,37.3,35.2,12.50000076,Serra do Mar,1022,highland SMar 1022,-23.235556,-45.021944,16.11249924,10.89166641,24.79999924,5.699999809,19.09999847,1661,264,36,74.065,150.305,NA
sRPB,Boana faber,NA,0.8986,NA,NA,72.71,4.2,38.7,34.5,13.90000076,Serra do Mar,1022,highland SMar 1022,-23.235556,-45.021944,16.11249924,10.89166641,24.79999924,5.699999809,19.09999847,1661,264,36,74.065,150.305,NA
RPB 254,Boana faber,Male,1.3406,24.8068,98.04679552,49.15,3.3,38,34.7,13,Serra da Mantiqueira,1600,highland SMtq 1600,-22.508533,-45.145917,15.375,12.11666679,25,3.599999905,21.39999962,1721,297,30,75.128,154.267,NA
RPB 255,Boana faber,Male,0.7404,72.02636388,97.79848947,62.23,3.4,38.7,35.3,13.7,Serra da Mantiqueira,1600,highland SMtq 1600,-22.508533,-45.145917,15.375,12.11666679,25,3.599999905,21.39999962,1721,297,30,75.128,154.267,NA
RPB 256,Boana faber,Male,1.1657,NA,NA,52.64,4,37.5,33.5,12.5,Serra da Mantiqueira,1600,highland SMtq 1600,-22.508533,-45.145917,15.375,12.11666679,25,3.599999905,21.39999962,1721,297,30,75.128,154.267,NA
RPB 257,Boana faber,Male,1.3865,NA,NA,58.24,3.3,38.2,34.9,13.2,Serra da Mantiqueira,1600,highland SMtq 1600,-22.508533,-45.145917,15.375,12.11666679,25,3.599999905,21.39999962,1721,297,30,75.128,154.267,NA
RPB 258,Boana faber,Male,1.0774,104.8053,99.15586965,50.94,3.6,38.8,35.2,13.8,Serra da Mantiqueira,1600,highland SMtq 1600,-22.508533,-45.145917,15.375,12.11666679,25,3.599999905,21.39999962,1721,297,30,75.128,154.267,NA
RPB 259,Boana faber,Male,1.0427,106.4434,98.56115108,55.6,2.9,38.7,35.8,13.7,Serra da Mantiqueira,1600,highland SMtq 1600,-22.508533,-45.145917,15.375,12.11666679,25,3.599999905,21.39999962,1721,297,30,75.128,154.267,NA
RPB 260,Boana faber,Male,1.3892,59.537,99.49979158,47.98,3.6,37.8,34.2,12.8,Serra da Mantiqueira,1600,highland SMtq 1600,-22.508533,-45.145917,15.375,12.11666679,25,3.599999905,21.39999962,1721,297,30,75.128,154.267,NA
RPB 261,Boana faber,Male,0.7872,NA,NA,64.1,4.7,39.2,34.5,14.2,Serra da Mantiqueira,1600,highland SMtq 1600,-22.508533,-45.145917,15.375,12.11666679,25,3.599999905,21.39999962,1721,297,30,75.128,154.267,NA
RPB 262,Boana faber,Male,1.0823,179.7805,99.59194777,73.52,4,37.1,33.1,12.1,Serra da Mantiqueira,1600,highland SMtq 1600,-22.508533,-45.145917,15.375,12.11666679,25,3.599999905,21.39999962,1721,297,30,75.128,154.267,NA
RPB 273,Boana faber,Male,1.6407,NA,NA,52.85,3.7,38.7,35,13.7,Serra da Mantiqueira,1600,highland SMtq 1600,-22.508533,-45.145917,15.375,12.11666679,25,3.599999905,21.39999962,1721,297,30,75.128,154.267,NA
RPB 274,Boana faber,Female,1.7498,33.6463,NA,46.94,3.2,38.3,35.1,13.3,Serra da Mantiqueira,1600,highland SMtq 1600,-22.508533,-45.145917,15.375,12.11666679,25,3.599999905,21.39999962,1721,297,30,75.128,154.267,NA
RPB 289,Boana faber,Male,1.2967,146.8336,93.68995633,45.8,4.5,37.7,33.2,7.300000381,Serra do Mar,35,lowland SMar 35,-23.36452562,-44.826944,22.45833397,9.300000191,30.39999962,13.80000019,16.59999847,2537,313,108,74.187,151.881,NA
RPB 290,Boana faber,Male,1.1543,84.3113,98.88837425,43.18,3.2,37.4,34.2,7.000000381,Serra do Mar,35,lowland SMar 35,-23.36452562,-44.826944,22.45833397,9.300000191,30.39999962,13.80000019,16.59999847,2537,313,108,74.187,151.881,NA
RPB 291,Boana faber,Male,0.9571,79.1597,99.72552608,43.72,3.6,38.3,34.7,7.900000381,Serra do Mar,35,lowland SMar 35,-23.36452562,-44.826944,22.45833397,9.300000191,30.39999962,13.80000019,16.59999847,2537,313,108,74.187,151.881,NA
RPB 327,Boana faber,NA,1.4782,62.8714,98.72110564,45.078,5.1,37.5,32.4,9,Serra da Mantiqueira,550,lowland SMtq 550,-23.0264167,-45.50866667,20.47916603,10.82499981,28.5,10.39999962,18.10000038,1299,212,21,73.29,146.485,NA
RPB 328,Boana faber,NA,1.479,174.2055,98.92008639,41.67,4,36,32,7.5,Serra da Mantiqueira,550,lowland SMtq 550,-23.0264167,-45.50866667,20.47916603,10.82499981,28.5,10.39999962,18.10000038,1299,212,21,73.29,146.485,NA
RPB 333,Boana faber,NA,1.2713,164.7649,99.17533166,55.78,3.9,39.1,35.2,10.6,Serra da Mantiqueira,550,lowland SMtq 550,-23.0264167,-45.50866667,20.47916603,10.82499981,28.5,10.39999962,18.10000038,1299,212,21,73.29,146.485,NA
RPB 105,Leptodactylus latrans,NA,2.3697,72.6795,99.10078681,80.07,7.6,38.9,31.3,8.500000381,Serra do Mar,35,lowland SMar 35,-23.36452562,-44.826944,22.45833397,9.300000191,30.39999962,13.80000019,16.59999847,2537,313,108,74.187,151.881,NA
RPB 106,Leptodactylus latrans,Male,2.147,48.8904,98.99777283,44.9,6.7,40.2,33.5,9.800000381,Serra do Mar,35,lowland SMar 35,-23.36452562,-44.826944,22.45833397,9.300000191,30.39999962,13.80000019,16.59999847,2537,313,108,74.187,151.881,NA
RPB 107,Leptodactylus latrans,NA,2.1204,62.5248,99.90410229,93.85,6.6,39,32.4,8.600000381,Serra do Mar,35,lowland SMar 35,-23.36452562,-44.826944,22.45833397,9.300000191,30.39999962,13.80000019,16.59999847,2537,313,108,74.187,151.881,NA
RPB 108,Leptodactylus latrans,NA,1.6722,38.8398,98.29859634,164.57,7.4,39.1,31.7,8.700000381,Serra do Mar,35,lowland SMar 35,-23.36452562,-44.826944,22.45833397,9.300000191,30.39999962,13.80000019,16.59999847,2537,313,108,74.187,151.881,NA
RPB 151,Leptodactylus latrans,Female,1.8828,39.3249,98.61372583,116.86,6.9,40.2,33.3,9.800000381,Serra do Mar,35,lowland SMar 35,-23.36452562,-44.826944,22.45833397,9.300000191,30.39999962,13.80000019,16.59999847,2537,313,108,74.187,151.881,NA
RPB 153,Leptodactylus latrans,NA,1.5626,42.0042,92.86828105,218.04,5.4,38,32.6,7.600000381,Serra do Mar,35,lowland SMar 35,-23.36452562,-44.826944,22.45833397,9.300000191,30.39999962,13.80000019,16.59999847,2537,313,108,74.187,151.881,NA
RPB 154,Leptodactylus latrans,Male,1.7318,81.1568,99.16757808,164.58,4.8,38.7,33.9,8.300000381,Serra do Mar,35,lowland SMar 35,-23.36452562,-44.826944,22.45833397,9.300000191,30.39999962,13.80000019,16.59999847,2537,313,108,74.187,151.881,NA
RPB 155,Leptodactylus latrans,Female,1.7829,72.8023,98.93211289,65.55,5.7,39.1,33.4,8.700000381,Serra do Mar,35,lowland SMar 35,-23.36452562,-44.826944,22.45833397,9.300000191,30.39999962,13.80000019,16.59999847,2537,313,108,74.187,151.881,NA
RPB 156,Leptodactylus latrans,NA,1.582,34.687,98.72127953,246.34,5.1,38.7,33.6,8.300000381,Serra do Mar,35,lowland SMar 35,-23.36452562,-44.826944,22.45833397,9.300000191,30.39999962,13.80000019,16.59999847,2537,313,108,74.187,151.881,NA
RPB 157,Leptodactylus latrans,NA,1.7632,91.6218,94.68561585,116.1,4.5,38.8,34.3,8.400000381,Serra do Mar,35,lowland SMar 35,-23.36452562,-44.826944,22.45833397,9.300000191,30.39999962,13.80000019,16.59999847,2537,313,108,74.187,151.881,NA
RPB 158,Leptodactylus latrans,NA,2.0122,173.6271,97.83509036,53.12,5.5,39.3,33.8,8.900000381,Serra do Mar,35,lowland SMar 35,-23.36452562,-44.826944,22.45833397,9.300000191,30.39999962,13.80000019,16.59999847,2537,313,108,74.187,151.881,NA
RPB 173,Leptodactylus latrans,NA,1.6627,135.009,99.24834942,196.9,4.1,38,33.9,13.20000076,Serra do Mar,1022,highland SMar 1022,-23.235556,-45.021944,16.11249924,10.89166641,24.79999924,5.699999809,19.09999847,1661,264,36,74.065,150.305,NA
RPB 178,Leptodactylus latrans,Female,1.9902,NA,NA,84.6,3.9,39.4,35.5,14.60000076,Serra do Mar,1022,highland SMar 1022,-23.235556,-45.021944,16.11249924,10.89166641,24.79999924,5.699999809,19.09999847,1661,264,36,74.065,150.305,NA
RPB 179,Leptodactylus latrans,Female,1.8416,NA,NA,91.25,4.7,38.3,33.6,13.50000076,Serra do Mar,1022,highland SMar 1022,-23.235556,-45.021944,16.11249924,10.89166641,24.79999924,5.699999809,19.09999847,1661,264,36,74.065,150.305,NA
RPB 180,Leptodactylus latrans,Male,1.6802,134.0162,99.6003996,100.1,1.9,39.2,37.3,14.40000076,Serra do Mar,1022,highland SMar 1022,-23.235556,-45.021944,16.11249924,10.89166641,24.79999924,5.699999809,19.09999847,1661,264,36,74.065,150.305,NA
RPB 181,Leptodactylus latrans,NA,1.9933,NA,NA,121.1,3.6,38.3,34.7,13.50000076,Serra do Mar,1022,highland SMar 1022,-23.235556,-45.021944,16.11249924,10.89166641,24.79999924,5.699999809,19.09999847,1661,264,36,74.065,150.305,NA
RPB 182,Leptodactylus latrans,Male,1.5385,84.4469,98.46592936,112.12,4,39.2,35.2,14.40000076,Serra do Mar,1022,highland SMar 1022,-23.235556,-45.021944,16.11249924,10.89166641,24.79999924,5.699999809,19.09999847,1661,264,36,74.065,150.305,NA
RPB 183,Leptodactylus latrans,Male,1.7265,NA,NA,74.78,3.6,38.8,35.2,14.00000076,Serra do Mar,1022,highland SMar 1022,-23.235556,-45.021944,16.11249924,10.89166641,24.79999924,5.699999809,19.09999847,1661,264,36,74.065,150.305,NA
RPB 192,Leptodactylus latrans,NA,2.0312,46.0531,98.38383838,148.5,2.8,38.3,35.5,13.50000076,Serra do Mar,1022,highland SMar 1022,-23.235556,-45.021944,16.11249924,10.89166641,24.79999924,5.699999809,19.09999847,1661,264,36,74.065,150.305,NA
RPB 243,Leptodactylus latrans,Male,1.7066,37.184,97.6534296,83.1,3.5,39.2,35.7,14.2,Serra da Mantiqueira,1600,highland SMtq 1600,-22.508533,-45.145917,15.375,12.11666679,25,3.599999905,21.39999962,1721,297,30,75.128,154.267,NA
RPB 244,Leptodactylus latrans,Male,1.6366,90.8744,97.85302594,138.8,3.8,38.5,34.7,13.5,Serra da Mantiqueira,1600,highland SMtq 1600,-22.508533,-45.145917,15.375,12.11666679,25,3.599999905,21.39999962,1721,297,30,75.128,154.267,NA
RPB 245,Leptodactylus latrans,Female,1.4072,29.514,99.25521871,95.33,4.5,38.7,34.2,13.7,Serra da Mantiqueira,1600,highland SMtq 1600,-22.508533,-45.145917,15.375,12.11666679,25,3.599999905,21.39999962,1721,297,30,75.128,154.267,NA
RPB 246,Leptodactylus latrans,Male,1.8647,81.1037,98.83785279,90.35,4.1,37.8,33.7,12.8,Serra da Mantiqueira,1600,highland SMtq 1600,-22.508533,-45.145917,15.375,12.11666679,25,3.599999905,21.39999962,1721,297,30,75.128,154.267,NA
RPB 247,Leptodactylus latrans,Male,1.5765,NA,NA,95.29,4.2,39.4,35.2,14.4,Serra da Mantiqueira,1600,highland SMtq 1600,-22.508533,-45.145917,15.375,12.11666679,25,3.599999905,21.39999962,1721,297,30,75.128,154.267,NA
RPB 248,Leptodactylus latrans,Male,1.7177,120.035,98.12140497,163.42,2.3,37.8,35.5,12.8,Serra da Mantiqueira,1600,highland SMtq 1600,-22.508533,-45.145917,15.375,12.11666679,25,3.599999905,21.39999962,1721,297,30,75.128,154.267,NA
RPB 251,Leptodactylus latrans,Male,1.4701,NA,NA,173.95,4.4,38.5,34.1,13.5,Serra da Mantiqueira,1600,highland SMtq 1600,-22.508533,-45.145917,15.375,12.11666679,25,3.599999905,21.39999962,1721,297,30,75.128,154.267,NA
RPB 252,Leptodactylus latrans,Male,1.8176,NA,NA,133.54,3.5,38,34.5,13,Serra da Mantiqueira,1600,highland SMtq 1600,-22.508533,-45.145917,15.375,12.11666679,25,3.599999905,21.39999962,1721,297,30,75.128,154.267,NA
RPB 271,Leptodactylus latrans,Female,1.463,135.0542,98.17140746,54.14,4.1,39,34.9,14,Serra da Mantiqueira,1600,highland SMtq 1600,-22.508533,-45.145917,15.375,12.11666679,25,3.599999905,21.39999962,1721,297,30,75.128,154.267,NA
RPB 272,Leptodactylus latrans,Female,1.4513,NA,NA,76.82,3.9,NA,NA,NA,Serra da Mantiqueira,1600,highland SMtq 1600,-22.508533,-45.145917,15.375,12.11666679,25,3.599999905,21.39999962,1721,297,30,75.128,154.267,NA
sRPB,Leptodactylus latrans,NA,1.475,102.459,99.20978843,196.15,3.3,38,34.7,13,Serra da Mantiqueira,1600,highland SMtq 1600,-22.508533,-45.145917,15.375,12.11666679,25,3.599999905,21.39999962,1721,297,30,75.128,154.267,NA
RPB 292,Leptodactylus latrans,Male,1.9195,101.3215,98.85271318,129,7.5,39.2,31.7,8.800000381,Serra do Mar,35,lowland SMar 35,-23.36452562,-44.826944,22.45833397,9.300000191,30.39999962,13.80000019,16.59999847,2537,313,108,74.187,151.881,NA
sRPB,Physalaemus cuvieri,NA,2.435,10.8278,91.62937422,1.3631,10.2,NA,NA,NA,Serra do Mar,820,highland SMar 820,-23.3362,-45.145917,17.05833244,10.1833334,25.29999924,7.199999809,18.09999847,1778,278,42,73.366,148.31,NA
sRPB,Physalaemus cuvieri,NA,2.7612,40.2557,90.2817445,1.2955,11.5,39.3,27.8,14.00000076,Serra do Mar,820,highland SMar 820,-23.3362,-45.145917,17.05833244,10.1833334,25.29999924,7.199999809,18.09999847,1778,278,42,73.366,148.31,NA
RPB 18,Physalaemus cuvieri,Male,2.3827,36.8434,94.03485255,1.1936,9.9,35.5,25.6,10.20000076,Serra do Mar,820,highland SMar 820,-23.3362,-45.145917,17.05833244,10.1833334,25.29999924,7.199999809,18.09999847,1778,278,42,73.366,148.31,NA
RPB 95,Physalaemus cuvieri,Male,2.8163,21.6712,96.88489968,1.3258,9.8,33.5,23.7,8.200000763,Serra do Mar,820,highland SMar 820,-23.3362,-45.145917,17.05833244,10.1833334,25.29999924,7.199999809,18.09999847,1778,278,42,73.366,148.31,NA
RPB 96,Physalaemus cuvieri,NA,2.5911,23.7274,97.30117518,1.4636,11.3,33,21.7,7.700000763,Serra do Mar,820,highland SMar 820,-23.3362,-45.145917,17.05833244,10.1833334,25.29999924,7.199999809,18.09999847,1778,278,42,73.366,148.31,NA
RPB 97,Physalaemus cuvieri,NA,3.2088,31.0341,93.11859444,1.0245,9.2,NA,NA,NA,Serra do Mar,820,highland SMar 820,-23.3362,-45.145917,17.05833244,10.1833334,25.29999924,7.199999809,18.09999847,1778,278,42,73.366,148.31,NA
RPB 98,Physalaemus cuvieri,NA,2.9687,55.2976,95.11772853,1.444,9.7,NA,NA,NA,Serra do Mar,820,highland SMar 820,-23.3362,-45.145917,17.05833244,10.1833334,25.29999924,7.199999809,18.09999847,1778,278,42,73.366,148.31,NA
RPB 123,Physalaemus cuvieri,Male,2.8577,50.0765,79.24059372,1.4887,6.8,35.3,28.5,10.00000076,Serra do Mar,820,highland SMar 820,-23.3362,-45.145917,17.05833244,10.1833334,25.29999924,7.199999809,18.09999847,1778,278,42,73.366,148.31,NA
RPB 124,Physalaemus cuvieri,Male,2.2571,32.4813,62.63660776,1.642,6.2,31.3,25.1,6.000000763,Serra do Mar,820,highland SMar 820,-23.3362,-45.145917,17.05833244,10.1833334,25.29999924,7.199999809,18.09999847,1778,278,42,73.366,148.31,NA
sRPB,Physalaemus cuvieri,NA,3.2236,74.2928,94.87148028,1.6301,7.2,NA,NA,NA,Serra do Mar,1022,highland SMar 1022,-23.235556,-45.021944,16.11249924,10.89166641,24.79999924,5.699999809,19.09999847,1661,264,36,74.065,150.305,NA
RPB 165,Physalaemus cuvieri,Male,NA,100.9584,90.03995434,1.4016,NA,NA,NA,NA,Serra do Mar,1022,highland SMar 1022,-23.235556,-45.021944,16.11249924,10.89166641,24.79999924,5.699999809,19.09999847,1661,264,36,74.065,150.305,NA
RPB 166,Physalaemus cuvieri,Male,2.4826,134.7355807,96.24064446,1.7503,6.6,NA,NA,NA,Serra do Mar,1022,highland SMar 1022,-23.235556,-45.021944,16.11249924,10.89166641,24.79999924,5.699999809,19.09999847,1661,264,36,74.065,150.305,NA
RPB 167,Physalaemus cuvieri,Male,NA,73.3241,95.35570276,1.3888,7.9,NA,NA,NA,Serra do Mar,1022,highland SMar 1022,-23.235556,-45.021944,16.11249924,10.89166641,24.79999924,5.699999809,19.09999847,1661,264,36,74.065,150.305,NA
RPB 168,Physalaemus cuvieri,Male,3.0591,NA,NA,1.4354,8.4,NA,NA,NA,Serra do Mar,1022,highland SMar 1022,-23.235556,-45.021944,16.11249924,10.89166641,24.79999924,5.699999809,19.09999847,1661,264,36,74.065,150.305,NA
RPB 170,Physalaemus cuvieri,Male,2.61,66.5142,95.263438,1.6911,6.8,NA,NA,NA,Serra do Mar,1022,highland SMar 1022,-23.235556,-45.021944,16.11249924,10.89166641,24.79999924,5.699999809,19.09999847,1661,264,36,74.065,150.305,NA
RPB 172,Physalaemus cuvieri,Male,2.1419,NA,NA,1.3848,8.4,36.4,28,11.60000076,Serra do Mar,1022,highland SMar 1022,-23.235556,-45.021944,16.11249924,10.89166641,24.79999924,5.699999809,19.09999847,1661,264,36,74.065,150.305,NA
RPB 176,Physalaemus cuvieri,Male,2.9881,56.1967,97.82560584,1.8074,9.8,34,24.2,9.200000763,Serra do Mar,1022,highland SMar 1022,-23.235556,-45.021944,16.11249924,10.89166641,24.79999924,5.699999809,19.09999847,1661,264,36,74.065,150.305,NA
RPB 194,Physalaemus cuvieri,Male,3.6459,68.4959,96.09462828,2.0459,8.4,35.8,27.4,11.00000076,Serra do Mar,1022,highland SMar 1022,-23.235556,-45.021944,16.11249924,10.89166641,24.79999924,5.699999809,19.09999847,1661,264,36,74.065,150.305,NA
RPB 195,Physalaemus cuvieri,Male,2.5216,43.4848,95.60755605,1.5299,9.2,NA,NA,NA,Serra do Mar,1022,highland SMar 1022,-23.235556,-45.021944,16.11249924,10.89166641,24.79999924,5.699999809,19.09999847,1661,264,36,74.065,150.305,NA
RPB 196,Physalaemus cuvieri,Male,NA,55.562,93.12836917,1.6881,7.1,35.3,28.2,10.50000076,Serra do Mar,1022,highland SMar 1022,-23.235556,-45.021944,16.11249924,10.89166641,24.79999924,5.699999809,19.09999847,1661,264,36,74.065,150.305,NA
RPB 197,Physalaemus cuvieri,Female,2.1517,65.5131,95.73462415,1.756,5,36,31,11.20000076,Serra do Mar,1022,highland SMar 1022,-23.235556,-45.021944,16.11249924,10.89166641,24.79999924,5.699999809,19.09999847,1661,264,36,74.065,150.305,NA
RPB 199,Physalaemus cuvieri,Male,2.2693,49.78,95.2077048,1.7236,7.2,NA,NA,NA,Serra do Mar,1022,highland SMar 1022,-23.235556,-45.021944,16.11249924,10.89166641,24.79999924,5.699999809,19.09999847,1661,264,36,74.065,150.305,NA
RPB 201,Physalaemus cuvieri,Male,2.3904,49.02025349,96.01969873,1.726,4.8,36.8,32,12.00000076,Serra do Mar,1022,highland SMar 1022,-23.235556,-45.021944,16.11249924,10.89166641,24.79999924,5.699999809,19.09999847,1661,264,36,74.065,150.305,NA
RPB 221,Physalaemus cuvieri,Female,NA,39.9045,90.89343792,1.0454,8,NA,NA,NA,Serra da Mantiqueira,1600,highland SMtq 1600,-22.508533,-45.145917,15.375,12.11666679,25,3.599999905,21.39999962,1721,297,30,75.128,154.267,NA
RPB 225,Physalaemus cuvieri,Male,2.5867,NA,96.08842263,1.3345,9,NA,NA,NA,Serra da Mantiqueira,1600,highland SMtq 1600,-22.508533,-45.145917,15.375,12.11666679,25,3.599999905,21.39999962,1721,297,30,75.128,154.267,NA
RPB 227,Physalaemus cuvieri,Female,2.1603,23.8919,97.18545174,1.5562,4.7,34,29.3,9,Serra da Mantiqueira,1600,highland SMtq 1600,-22.508533,-45.145917,15.375,12.11666679,25,3.599999905,21.39999962,1721,297,30,75.128,154.267,NA
RPB 228,Physalaemus cuvieri,Male,2.5265,20.3483,94.98207885,1.3671,4.8,35.4,30.6,10.4,Serra da Mantiqueira,1600,highland SMtq 1600,-22.508533,-45.145917,15.375,12.11666679,25,3.599999905,21.39999962,1721,297,30,75.128,154.267,NA
RPB 232,Physalaemus cuvieri,Male,2.3519,68.3799,94.02291731,1.2916,7.2,34.8,27.6,9.8,Serra da Mantiqueira,1600,highland SMtq 1600,-22.508533,-45.145917,15.375,12.11666679,25,3.599999905,21.39999962,1721,297,30,75.128,154.267,NA
RPB 234,Physalaemus cuvieri,Male,2.2985,59.4507,95.42901827,1.4067,5.7,33,27.3,8,Serra da Mantiqueira,1600,highland SMtq 1600,-22.508533,-45.145917,15.375,12.11666679,25,3.599999905,21.39999962,1721,297,30,75.128,154.267,NA
RPB 235,Physalaemus cuvieri,NA,2.5055,112.889,95.5942623,0.976,4.7,34.1,29.4002,9.1,Serra da Mantiqueira,1600,highland SMtq 1600,-22.508533,-45.145917,15.375,12.11666679,25,3.599999905,21.39999962,1721,297,30,75.128,154.267,NA
RPB 236,Physalaemus cuvieri,Male,3.2492,55.5569,93.82242232,1.3549,6.2,34,27.8,9,Serra da Mantiqueira,1600,highland SMtq 1600,-22.508533,-45.145917,15.375,12.11666679,25,3.599999905,21.39999962,1721,297,30,75.128,154.267,NA
RPB 238,Physalaemus cuvieri,NA,2.0958,56.1512,96.27280558,1.2771,9.7,35.6,25.9,10.6,Serra da Mantiqueira,1600,highland SMtq 1600,-22.508533,-45.145917,15.375,12.11666679,25,3.599999905,21.39999962,1721,297,30,75.128,154.267,NA
RPB 239,Physalaemus cuvieri,Male,2.164,51.2865,94.27031627,1.4102,7.2,34.7,27.5,9.7,Serra da Mantiqueira,1600,highland SMtq 1600,-22.508533,-45.145917,15.375,12.11666679,25,3.599999905,21.39999962,1721,297,30,75.128,154.267,NA
RPB 241,Physalaemus cuvieri,Male,NA,49.9155,89.90670059,1.4148,6,34,28,9,Serra da Mantiqueira,1600,highland SMtq 1600,-22.508533,-45.145917,15.375,12.11666679,25,3.599999905,21.39999962,1721,297,30,75.128,154.267,NA
RPB 324,Physalaemus cuvieri,NA,2.4264,31.3734,91.96719177,1.5362,9,36.5,27.5,8,Serra da Mantiqueira,550,lowland SMtq 550,-23.0264167,-45.50866667,20.47916603,10.82499981,28.5,10.39999962,18.10000038,1299,212,21,73.29,146.485,NA
RPB 325,Physalaemus cuvieri,NA,3.0288,49.2269,90.60844144,1.4877,7,35.5,28.5,7,Serra da Mantiqueira,550,lowland SMtq 550,-23.0264167,-45.50866667,20.47916603,10.82499981,28.5,10.39999962,18.10000038,1299,212,21,73.29,146.485,NA
RPB 330,Physalaemus cuvieri,NA,2.8084,32.6945,94.22904983,1.2303,9.5,36,26.5,7.5,Serra da Mantiqueira,550,lowland SMtq 550,-23.0264167,-45.50866667,20.47916603,10.82499981,28.5,10.39999962,18.10000038,1299,212,21,73.29,146.485,NA
RPB 332,Physalaemus cuvieri,NA,3.4738,44.6734,91.44578313,1.245,10,37,27,8.5,Serra da Mantiqueira,550,lowland SMtq 550,-23.0264167,-45.50866667,20.47916603,10.82499981,28.5,10.39999962,18.10000038,1299,212,21,73.29,146.485,NA
sRPB_C38,Physalaemus cuvieri,NA,2.746616003,52.92078076,96.47809644,1.2692,8.3,NA,NA,NA,Serra da Mantiqueira,1600,highland SMtq 1600,-22.508533,-45.145917,15.375,12.11666679,25,3.599999905,21.39999962,1721,297,30,75.128,154.267,NA